Fiscal Year,Employer (Petitioner) Name,Symbol,fullTimeEmployees,layoff,Initial Approval,Continuing Approval,Industry_code,mktCap,Tax ID,Industry (NAICS) Code,Petitioner City,Petitioner State,Petitioner Zip Code,Initial Denial,Continuing Denial,json,price,beta,volAvg
2023,AMAZON.COM SERVICES LLC,AMZN,1525000,3879,2776,8414,44,1.94161E+12,4687,44-45 - Retail Trade,ARLINGTON,VA,22202,25,235,"[{'symbol': 'AMZN', 'price': 186.92, 'beta': 1.16, 'volAvg': 42725609, 'mktCap': 1941612808000, 'lastDiv': 0, 'range': '101.11-189.77', 'changes': -2.13, 'companyName': 'Amazon.com, Inc.', 'currency': 'USD', 'cik': '0001018724', 'isin': 'US0231351067', 'cusip': '023135106', 'exchange': 'NASDAQ Global Select', 'exchangeShortName': 'NASDAQ', 'industry': 'Specialty Retail', 'website': 'https://www.amazon.com', 'description': 'Amazon.com, Inc. engages in the retail sale of consumer products and subscriptions through online and physical stores in North America and internationally. The company operates through three segments: North America, International, and Amazon Web Services (AWS). Its products offered through its stores include merchandise and content purchased for resale; and products offered by third-party sellers The company also manufactures and sells electronic devices, including Kindle, Fire tablets, Fire TVs, Rings, Blink, eero, and Echo; and develops and produces media content. In addition, it offers programs that enable sellers to sell their products in its stores; and programs that allow authors, musicians, filmmakers, Twitch streamers, skill and app developers, and others to publish and sell content. Further, the company provides compute, storage, database, analytics, machine learning, and other services, as well as fulfillment, advertising, and digital content subscriptions. Additionally, it offers Amazon Prime, a membership program. The company serves consumers, sellers, developers, enterprises, content creators, and advertisers. Amazon.com, Inc. was incorporated in 1994 and is headquartered in Seattle, Washington.', 'ceo': 'Mr. Andrew R. Jassy', 'sector': 'Consumer Cyclical', 'country': 'US', 'fullTimeEmployees': '1525000', 'phone': '206 266 1000', 'address': '410 Terry Avenue North', 'city': 'Seattle', 'state': 'WA', 'zip': '98109-5210', 'dcfDiff': 141.84765, 'dcf': 47.20234890452093, 'image': 'https://financialmodelingprep.com/image-stock/AMZN.png', 'ipoDate': '1997-05-15', 'defaultImage': False, 'isEtf': False, 'isActivelyTrading': True, 'isAdr': False, 'isFund': False}]",186.92,1.16,42725609
2023,COGNIZANT TECHNOLOGY SOLUTIONS US CORP,CTSH,347700,302,2390,4491,54,34614456418,4155,"54 - Professional, Scientific, and Technical Services",COLLEGE STATION,TX,77845,16,141,"[{'symbol': 'CTSH', 'price': 69.529, 'beta': 1.066, 'volAvg': 4575785, 'mktCap': 34614456418, 'lastDiv': 1.2, 'range': '58.09-80.09', 'changes': -1.041, 'companyName': 'Cognizant Technology Solutions Corporation', 'currency': 'USD', 'cik': '0001058290', 'isin': 'US1924461023', 'cusip': '192446102', 'exchange': 'NASDAQ Global Select', 'exchangeShortName': 'NASDAQ', 'industry': 'Information Technology Services', 'website': 'https://www.cognizant.com', 'description': 'Cognizant Technology Solutions Corporation, a professional services company, provides consulting and technology, and outsourcing services in North America, Europe, and internationally. It operates through four segments: Financial Services; Healthcare; Products and Resources; and Communications, Media and Technology. The company offers customer experience enhancement, robotic process automation, analytics, and AI services in areas, such as digital lending, fraud detection, and next generation payments; the shift towards consumerism, outcome-based contracting, digital health, delivering integrated seamless, omni-channel, and patient-centered experience; and services that drive operational improvements in areas, such as clinical development, pharmacovigilance, and manufacturing, as well as claims processing, enrollment, membership, and billing to healthcare providers and payers, and life sciences companies, including pharmaceutical, biotech, and medical device companies. It also provides solution to manufacturers, retailers and travel and hospitality companies, as well as companies providing logistics, energy and utility services; and digital content, the creation of personalized user experience, and acceleration of digital engineering services to information, media and entertainment, and communications and technology companies. The company was founded in 1994 and is headquartered in Teaneck, New Jersey.', 'ceo': 'Mr. Ravi Kumar Singisetti', 'sector': 'Technology', 'country': 'US', 'fullTimeEmployees': '347700', 'phone': '201 801 0233', 'address': '300 Frank West Burr Boulevard', 'city': 'Teaneck', 'state': 'NJ', 'zip': '07666', 'dcfDiff': -11.44185, 'dcf': 82.01184780750283, 'image': 'https://financialmodelingprep.com/image-stock/CTSH.png', 'ipoDate': '1998-06-19', 'defaultImage': False, 'isEtf': False, 'isActivelyTrading': True, 'isAdr': False, 'isFund': False}]",69.529,1.066,4575785
2023,INFOSYS LIMITED,INFY,322663,0,2128,4944,54,73096820700,235,"54 - Professional, Scientific, and Technical Services",RICHARDSON,TX,75082,45,74,"[{'symbol': 'INFY', 'price': 17.61, 'beta': 0.542, 'volAvg': 8444714, 'mktCap': 73096820700, 'lastDiv': 0.43, 'range': '14.71-20.74', 'changes': -0.33, 'companyName': 'Infosys Limited', 'currency': 'USD', 'cik': '0001067491', 'isin': 'US4567881085', 'cusip': '456788108', 'exchange': 'New York Stock Exchange', 'exchangeShortName': 'NYSE', 'industry': 'Information Technology Services', 'website': 'https://www.infosys.com', 'description': ""Infosys Limited, together with its subsidiaries, provides consulting, technology, outsourcing, and next-generation digital services in North America, Europe, India, and internationally. It provides application development and management, independent validation, product engineering and management, infrastructure management, enterprise application management, and support and integration services. The company's products and platforms include Finacle, a core banking solution; Edge suite of products; Infosys Nia, an artificial intelligence platform; Infosys McCamish - an insurance platform; Wingspan, a customizable learning platform; Stater mortgage servicing platform; Panaya automation suite; and Skava, an e-commerce suite. The company serves clients in the financial services and insurance, life sciences and healthcare, manufacturing, retail, consumer packaged goods and logistics, hi-tech, communications, telecom OEM, media, energy, utilities, resources, services, and other industries. It has collaboration agreements with Rolls-Royce, BP plc, Newmont Corporation, RXR Realty, Majesco Limited, and Centre for Accessibility Australia; and a strategic partnership with The Economist Group Limited to enable and enhance sustainability solutions through a business-to-business model. The company was formerly known as Infosys Technologies Limited and changed its name to Infosys Limited in June 2011. Infosys Limited was incorporated in 1981 and is headquartered in Bengaluru, India."", 'ceo': 'Mr. Salil Satish Parekh', 'sector': 'Technology', 'country': 'IN', 'fullTimeEmployees': '322663', 'phone': '91 80 2852 0261', 'address': 'Plot no. 44/97 A', 'city': 'Bengaluru', 'state': None, 'zip': '560100', 'dcfDiff': -5.10949, 'dcf': 23.04949209151898, 'image': 'https://financialmodelingprep.com/image-stock/INFY.png', 'ipoDate': '1999-03-11', 'defaultImage': False, 'isEtf': False, 'isActivelyTrading': True, 'isAdr': True, 'isFund': False}]",17.61,0.542,8444714
2023,GOOGLE LLC,GOOG,182502,1061,1262,4166,54,1.98441E+12,3581,"54 - Professional, Scientific, and Technical Services",MOUNTAIN VIEW,CA,94043,6,54,"[{'symbol': 'GOOG', 'price': 160.45, 'beta': 1.044, 'volAvg': 23362462, 'mktCap': 1984414740010, 'lastDiv': 0, 'range': '103.27-161.7', 'changes': -0.34, 'companyName': 'Alphabet Inc.', 'currency': 'USD', 'cik': '0001652044', 'isin': 'US02079K1079', 'cusip': '02079K107', 'exchange': 'NASDAQ Global Select', 'exchangeShortName': 'NASDAQ', 'industry': 'Internet Content & Information', 'website': 'https://abc.xyz', 'description': 'Alphabet Inc. offers various products and platforms in the United States, Europe, the Middle East, Africa, the Asia-Pacific, Canada, and Latin America. It operates through Google Services, Google Cloud, and Other Bets segments. The Google Services segment provides products and services, including ads, Android, Chrome, devices, Gmail, Google Drive, Google Maps, Google Photos, Google Play, Search, and YouTube. It is also involved in the sale of apps and in-app purchases and digital content in the Google Play and YouTube; and devices, as well as in the provision of YouTube consumer subscription services. The Google Cloud segment offers infrastructure, cybersecurity, databases, analytics, AI, and other services; Google Workspace that include cloud-based communication and collaboration tools for enterprises, such as Gmail, Docs, Drive, Calendar, and Meet; and other services for enterprise customers. The Other Bets segment sells healthcare-related and internet services. The company was incorporated in 1998 and is headquartered in Mountain View, California.', 'ceo': 'Mr. Sundar  Pichai', 'sector': 'Communication Services', 'country': 'US', 'fullTimeEmployees': '182502', 'phone': '650 253 0000', 'address': '1600 Amphitheatre Parkway', 'city': 'Mountain View', 'state': 'CA', 'zip': '94043', 'dcfDiff': 18.22251, 'dcf': 142.56748929788128, 'image': 'https://financialmodelingprep.com/image-stock/GOOG.png', 'ipoDate': '2004-08-19', 'defaultImage': False, 'isEtf': False, 'isActivelyTrading': True, 'isAdr': False, 'isFund': False}]",160.45,1.044,23362462
2023,CAPGEMINI AMERICA INC,CGEMY,340400,0,1095,1666,54,37691888092,5929,"54 - Professional, Scientific, and Technical Services",CHICAGO,IL,60606,15,17,"[{'symbol': 'CGEMY', 'price': 44.01, 'beta': 1.059, 'volAvg': 85508, 'mktCap': 37691888092, 'lastDiv': 0.7, 'range': '32.43-49.7', 'changes': -0.99, 'companyName': 'Capgemini SE', 'currency': 'USD', 'cik': None, 'isin': 'US13961R1005', 'cusip': '13961R100', 'exchange': 'Other OTC', 'exchangeShortName': 'PNK', 'industry': 'Information Technology Services', 'website': 'https://www.capgemini.com', 'description': ""Capgemini SE provides consulting, digital transformation, technology, and engineering services primarily in the Americas, Europe, the Middle East, Africa, and the Asia-Pacific. The company offers strategy and transformation services, including strategy, technology, data science, and creative design to support various clients within the digital economy. It also provides applications and technology services that helps the clients to develop, modernize, extend, and secure their IT and digital environment using the latest technologies, as well as offers local technology services in cloud, cybersecurity, quality assurance, testing, and new technology fields. In addition, the company offers business process outsourcing and transactional services, as well as installation and maintenance services for its clients' IT infrastructures in data centers or in the cloud. It serves various industries, including consumer goods and retail; energy and utilities; banking, capital markets, and insurance; manufacturing and life sciences; public sector; telecommunications, media, and technology; and services. Capgemini SE has a strategic partnership with CONA Services LLC to develop digital solutions for the consumer products industry and retail customers. The company was founded in 1967 and is headquartered in Paris, France."", 'ceo': 'Mr. Aiman  Ezzat', 'sector': 'Technology', 'country': 'FR', 'fullTimeEmployees': '340400', 'phone': '33 1 47 54 50 00', 'address': ""Place de l'Etoile"", 'city': 'Paris', 'state': None, 'zip': '75017', 'dcfDiff': -20.63517, 'dcf': 69.45517023027755, 'image': 'https://financialmodelingprep.com/image-stock/CGEMY.png', 'ipoDate': '2008-01-30', 'defaultImage': False, 'isEtf': False, 'isActivelyTrading': True, 'isAdr': False, 'isFund': False}]",44.01,1.059,85508
2023,MICROSOFT CORPORATION,MSFT,221000,3426,984,3798,51,3.13817E+12,4442,51 - Information,REDMOND,WA,98052,2,61,"[{'symbol': 'MSFT', 'price': 422.34, 'beta': 0.877, 'volAvg': 21923196, 'mktCap': 3138172029600, 'lastDiv': 3, 'range': '275.37-430.82', 'changes': -5.59, 'companyName': 'Microsoft Corporation', 'currency': 'USD', 'cik': '0000789019', 'isin': 'US5949181045', 'cusip': '594918104', 'exchange': 'NASDAQ Global Select', 'exchangeShortName': 'NASDAQ', 'industry': 'Software - Infrastructure', 'website': 'https://www.microsoft.com', 'description': 'Microsoft Corporation develops, licenses, and supports software, services, devices, and solutions worldwide. The company operates in three segments: Productivity and Business Processes, Intelligent Cloud, and More Personal Computing. The Productivity and Business Processes segment offers Office, Exchange, SharePoint, Microsoft Teams, Office 365 Security and Compliance, Microsoft Viva, and Skype for Business; Skype, Outlook.com, OneDrive, and LinkedIn; and Dynamics 365, a set of cloud-based and on-premises business solutions for organizations and enterprise divisions. The Intelligent Cloud segment licenses SQL, Windows Servers, Visual Studio, System Center, and related Client Access Licenses; GitHub that provides a collaboration platform and code hosting service for developers; Nuance provides healthcare and enterprise AI solutions; and Azure, a cloud platform. It also offers enterprise support, Microsoft consulting, and nuance professional services to assist customers in developing, deploying, and managing Microsoft server and desktop solutions; and training and certification on Microsoft products. The More Personal Computing segment provides Windows original equipment manufacturer (OEM) licensing and other non-volume licensing of the Windows operating system; Windows Commercial, such as volume licensing of the Windows operating system, Windows cloud services, and other Windows commercial offerings; patent licensing; and Windows Internet of Things. It also offers Surface, PC accessories, PCs, tablets, gaming and entertainment consoles, and other devices; Gaming, including Xbox hardware, and Xbox content and services; video games and third-party video game royalties; and Search, including Bing and Microsoft advertising. The company sells its products through OEMs, distributors, and resellers; and directly through digital marketplaces, online stores, and retail stores. Microsoft Corporation was founded in 1975 and is headquartered in Redmond, Washington.', 'ceo': 'Mr. Satya  Nadella', 'sector': 'Technology', 'country': 'US', 'fullTimeEmployees': '221000', 'phone': '425 882 8080', 'address': 'One Microsoft Way', 'city': 'Redmond', 'state': 'WA', 'zip': '98052-6399', 'dcfDiff': 128.43486, 'dcf': 299.49514341937294, 'image': 'https://financialmodelingprep.com/image-stock/MSFT.png', 'ipoDate': '1986-03-13', 'defaultImage': False, 'isEtf': False, 'isActivelyTrading': True, 'isAdr': False, 'isFund': False}]",422.34,0.877,21923196
2023,IBM CORPORATION,IBM,282200,100,951,1492,54,1.68883E+11,1985,"54 - Professional, Scientific, and Technical Services",DURHAM,NC,27709,10,19,"[{'symbol': 'IBM', 'price': 184.22, 'beta': 0.714, 'volAvg': 5080016, 'mktCap': 168882763900, 'lastDiv': 6.64, 'range': '120.55-199.18', 'changes': -1.68, 'companyName': 'International Business Machines Corporation', 'currency': 'USD', 'cik': '0000051143', 'isin': 'US4592001014', 'cusip': '459200101', 'exchange': 'New York Stock Exchange', 'exchangeShortName': 'NYSE', 'industry': 'Information Technology Services', 'website': 'https://www.ibm.com', 'description': ""International Business Machines Corporation provides integrated solutions and services worldwide. The company operates through four business segments: Software, Consulting, Infrastructure, and Financing. The Software segment offers hybrid cloud platform and software solutions, such as Red Hat, an enterprise open-source solutions; software for business automation, AIOps and management, integration, and application servers; data and artificial intelligence solutions; and security software and services for threat, data, and identity. This segment also provides transaction processing software that supports clients' mission-critical and on-premise workloads in banking, airlines, and retail industries. The Consulting segment offers business transformation services, including strategy, business process design and operations, data and analytics, and system integration services; technology consulting services; and application and cloud platform services. The Infrastructure segment provides on-premises and cloud-based server and storage solutions for its clients' mission-critical and regulated workloads; and support services and solutions for hybrid cloud infrastructure, as well as remanufacturing and remarketing services for used equipment. The Financing segment offers lease, installment payment, loan financing, and short-term working capital financing services. The company was formerly known as Computing-Tabulating-Recording Co. International Business Machines Corporation was incorporated in 1911 and is headquartered in Armonk, New York."", 'ceo': 'Mr. Arvind  Krishna', 'sector': 'Technology', 'country': 'US', 'fullTimeEmployees': '282200', 'phone': '914 499 1900', 'address': 'One New Orchard Road', 'city': 'Armonk', 'state': 'NY', 'zip': '10504', 'dcfDiff': -31.36505, 'dcf': 217.2650484303738, 'image': 'https://financialmodelingprep.com/image-stock/IBM.png', 'ipoDate': '1915-09-24', 'defaultImage': False, 'isEtf': False, 'isActivelyTrading': True, 'isAdr': False, 'isFund': False}]",184.22,0.714,5080016
2023,WIPRO LIMITED,WIT,250000,298,869,1430,54,28780356564,4401,"54 - Professional, Scientific, and Technical Services",EAST BRUNSWICK,NJ,8816,34,35,"[{'symbol': 'WIT', 'price': 5.515, 'beta': 0.723, 'volAvg': 2519462, 'mktCap': 28780356564, 'lastDiv': 0.01, 'range': '4.32-6.45', 'changes': -0.065, 'companyName': 'Wipro Limited', 'currency': 'USD', 'cik': '0001123799', 'isin': 'US97651M1099', 'cusip': '97651M109', 'exchange': 'New York Stock Exchange', 'exchangeShortName': 'NYSE', 'industry': 'Information Technology Services', 'website': 'https://www.wipro.com', 'description': 'Wipro Limited operates as information technology (IT), consulting, and business process services company worldwide. It operates through three segments: IT Services, IT Products, and India State Run Enterprise Services (ISRE). The IT Services segment offers IT and IT-enabled services, including digital strategy advisory, customer-centric design, technology and IT consulting, custom application design, development, re-engineering and maintenance, systems integration, package implementation, cloud and infrastructure, business process, cloud, mobility and analytics, research and development, and hardware and software design services to enterprises. It serves customers in various industry sectors, such as healthcare and medical devices, consumer goods and life sciences, retail, transportation and services, communications, media and information services, technology products and platforms, banking, financial services and insurance, manufacturing, hi-tech, energy, and utilities. The IT Products segment provides a range of third-party IT products comprising enterprise platforms, networking solutions, software and data storage products, contact center infrastructure, enterprise security, IT optimization technologies, video solutions, and end-user computing solutions. It serves enterprises in various industries primarily in the India market, which comprise the government, defense, IT and IT-enabled services, telecommunications, manufacturing, utilities, education, and financial services sectors. The ISRE segment offers IT services to entities and departments owned or controlled by the Government of India and/or various Indian State Governments. The company was incorporated in 1945 and is based in Bengaluru, India.', 'ceo': 'Mr. Thierry  Delaporte', 'sector': 'Technology', 'country': 'IN', 'fullTimeEmployees': '250000', 'phone': '91 80 2844 0011', 'address': 'Doddakannelli', 'city': 'Bengaluru', 'state': None, 'zip': '560035', 'dcfDiff': -2.04612, 'dcf': 7.626123782693432, 'image': 'https://financialmodelingprep.com/image-stock/WIT.png', 'ipoDate': '2000-10-19', 'defaultImage': False, 'isEtf': False, 'isActivelyTrading': True, 'isAdr': True, 'isFund': False}]",5.515,0.723,2519462
2023,META PLATFORMS INC,META,67317,3242,731,2597,51,1.31315E+12,5019,51 - Information,MENLO PARK,CA,94025,3,19,"[{'symbol': 'META', 'price': 515.08, 'beta': 1.208, 'volAvg': 17545506, 'mktCap': 1313147599511, 'lastDiv': 2, 'range': '207.13-531.49', 'changes': -8.08, 'companyName': 'Meta Platforms, Inc.', 'currency': 'USD', 'cik': '0001326801', 'isin': 'US30303M1027', 'cusip': '30303M102', 'exchange': 'NASDAQ Global Select', 'exchangeShortName': 'NASDAQ', 'industry': 'Internet Content & Information', 'website': 'https://investor.fb.com', 'description': 'Meta Platforms, Inc. engages in the development of products that enable people to connect and share with friends and family through mobile devices, personal computers, virtual reality headsets, and wearables worldwide. It operates in two segments, Family of Apps and Reality Labs. The Family of Apps segment offers Facebook, which enables people to share, discuss, discover, and connect with interests; Instagram, a community for sharing photos, videos, and private messages, as well as feed, stories, reels, video, live, and shops; Messenger, a messaging application for people to connect with friends, family, communities, and businesses across platforms and devices through text, audio, and video calls; and WhatsApp, a messaging application that is used by people and businesses to communicate and transact privately. The Reality Labs segment provides augmented and virtual reality related products comprising consumer hardware, software, and content that help people feel connected, anytime, and anywhere. The company was formerly known as Facebook, Inc. and changed its name to Meta Platforms, Inc. in October 2021. Meta Platforms, Inc. was incorporated in 2004 and is headquartered in Menlo Park, California.', 'ceo': 'Mr. Mark Elliot Zuckerberg', 'sector': 'Communication Services', 'country': 'US', 'fullTimeEmployees': '67317', 'phone': '650 543 4800', 'address': '1601 Willow Road', 'city': 'Menlo Park', 'state': 'CA', 'zip': '94025', 'dcfDiff': 84.91719, 'dcf': 438.242805245767, 'image': 'https://financialmodelingprep.com/image-stock/META.png', 'ipoDate': '2012-05-18', 'defaultImage': False, 'isEtf': False, 'isActivelyTrading': True, 'isAdr': False, 'isFund': False}]",515.08,1.208,17545506
2023,APPLE INC,AAPL,161000,96,704,3092,31,2.73113E+12,4110,31-33 - Manufacturing,CUPERTINO,CA,95014,6,30,"[{'symbol': 'AAPL', 'price': 176.865, 'beta': 1.276, 'volAvg': 61107580, 'mktCap': 2731131643500, 'lastDiv': 0.96, 'range': '162.8-199.62', 'changes': 1.825, 'companyName': 'Apple Inc.', 'currency': 'USD', 'cik': '0000320193', 'isin': 'US0378331005', 'cusip': '037833100', 'exchange': 'NASDAQ Global Select', 'exchangeShortName': 'NASDAQ', 'industry': 'Consumer Electronics', 'website': 'https://www.apple.com', 'description': 'Apple Inc. designs, manufactures, and markets smartphones, personal computers, tablets, wearables, and accessories worldwide. The company offers iPhone, a line of smartphones; Mac, a line of personal computers; iPad, a line of multi-purpose tablets; and wearables, home, and accessories comprising AirPods, Apple TV, Apple Watch, Beats products, and HomePod. It also provides AppleCare support and cloud services; and operates various platforms, including the App Store that allow customers to discover and download applications and digital content, such as books, music, video, games, and podcasts. In addition, the company offers various services, such as Apple Arcade, a game subscription service; Apple Fitness+, a personalized fitness service; Apple Music, which offers users a curated listening experience with on-demand radio stations; Apple News+, a subscription news and magazine service; Apple TV+, which offers exclusive original content; Apple Card, a co-branded credit card; and Apple Pay, a cashless payment service, as well as licenses its intellectual property. The company serves consumers, and small and mid-sized businesses; and the education, enterprise, and government markets. It distributes third-party applications for its products through the App Store. The company also sells its products through its retail and online stores, and direct sales force; and third-party cellular network carriers, wholesalers, retailers, and resellers. Apple Inc. was incorporated in 1977 and is headquartered in Cupertino, California.', 'ceo': 'Mr. Timothy D. Cook', 'sector': 'Technology', 'country': 'US', 'fullTimeEmployees': '161000', 'phone': '408 996 1010', 'address': 'One Apple Park Way', 'city': 'Cupertino', 'state': 'CA', 'zip': '95014', 'dcfDiff': 43.70853, 'dcf': 131.33147475934163, 'image': 'https://financialmodelingprep.com/image-stock/AAPL.png', 'ipoDate': '1980-12-12', 'defaultImage': False, 'isEtf': False, 'isActivelyTrading': True, 'isAdr': False, 'isFund': False}]",176.865,1.276,61107580
2023,INTEL CORPORATION,INTC,124800,2137,499,1583,31,1.53856E+11,2743,31-33 - Manufacturing,CHANDLER,AZ,85248,5,76,"[{'symbol': 'INTC', 'price': 36.3899, 'beta': 1.01, 'volAvg': 48229355, 'mktCap': 153856497200, 'lastDiv': 0.5, 'range': '26.86-51.28', 'changes': -1.2401, 'companyName': 'Intel Corporation', 'currency': 'USD', 'cik': '0000050863', 'isin': 'US4581401001', 'cusip': '458140100', 'exchange': 'NASDAQ Global Select', 'exchangeShortName': 'NASDAQ', 'industry': 'Semiconductors', 'website': 'https://www.intel.com', 'description': 'Intel Corporation engages in the design, manufacture, and sale of computer products and technologies worldwide. The company operates through CCG, DCG, IOTG, Mobileye, NSG, PSG, and All Other segments. It offers platform products, such as central processing units and chipsets, and system-on-chip and multichip packages; and non-platform or adjacent products, including accelerators, boards and systems, connectivity products, graphics, and memory and storage products. The company also provides high-performance compute solutions for targeted verticals and embedded applications for retail, industrial, and healthcare markets; and solutions for assisted and autonomous driving comprising compute platforms, computer vision and machine learning-based sensing, mapping and localization, driving policy, and active sensors. In addition, it offers workload-optimized platforms and related products for cloud service providers, enterprise and government, and communications service providers. The company serves original equipment manufacturers, original design manufacturers, and cloud service providers. Intel Corporation has a strategic partnership with MILA to develop and apply advances in artificial intelligence methods for enhancing the search in the space of drugs. The company was incorporated in 1968 and is headquartered in Santa Clara, California.', 'ceo': 'Mr. Patrick P. Gelsinger', 'sector': 'Technology', 'country': 'US', 'fullTimeEmployees': '124800', 'phone': '408 765 8080', 'address': '2200 Mission College Boulevard', 'city': 'Santa Clara', 'state': 'CA', 'zip': '95054-1549', 'dcfDiff': 39.26833, 'dcf': -1.6383280446226043, 'image': 'https://financialmodelingprep.com/image-stock/INTC.png', 'ipoDate': '1980-03-17', 'defaultImage': False, 'isEtf': False, 'isActivelyTrading': True, 'isAdr': False, 'isFund': False}]",36.3899,1.01,48229355
2023,ACCENTURE LLP,ACN,742000,1753,469,1443,54,1.99169E+11,2904,"54 - Professional, Scientific, and Technical Services",CHICAGO,IL,60661,2,15,"[{'symbol': 'ACN', 'price': 316.78, 'beta': 1.181, 'volAvg': 2351921, 'mktCap': 199168772620, 'lastDiv': 5.16, 'range': '261.68-387.51', 'changes': -8.41, 'companyName': 'Accenture plc', 'currency': 'USD', 'cik': '0001467373', 'isin': 'IE00B4BNMY34', 'cusip': 'G1151C101', 'exchange': 'New York Stock Exchange', 'exchangeShortName': 'NYSE', 'industry': 'Information Technology Services', 'website': 'https://www.accenture.com', 'description': 'Accenture plc, a professional services company, provides strategy and consulting, interactive, and technology and operations services worldwide. The company offers application services, including agile transformation, DevOps, application modernization, enterprise architecture, software and quality engineering, data management, intelligent automation comprises robotic process automation, natural language processing, and virtual agents, and liquid application management services, as well as program, project, and service management services; strategy consulting services; critical data elements, data management and governance, data platform and architecture, product-based organization and skills, business adoption, and value realization services; engineering, and research and development digitization; smart connected product design and development; product platform engineering and modernization; product as-a-service enablement; products related to production and operations; autonomous robotics systems; the digital transformation of capital projects; and digital industrial workforce solutions. It also provides data-enabled operating models; technology consulting and artificial intelligence services; services related to talent and organization/human potential; digital commerce; infrastructure services, such as hybrid cloud, network, digital workplace and collaboration, service and experience management, infrastructure as code, and managed edge and IoT devices; cyber defense, applied cybersecurity, managed security, OT security, security strategy and risk, and industry security products; services related to technology innovation; and intelligent automation services. In addition, the company offers cloud, ecosystem, marketing, supply chain management, zero-based budgeting, customer experience, finance consulting, mergers and acquisitions, and sustainability services. Accenture plc was founded in 1951 and is based in Dublin, Ireland.', 'ceo': 'Ms. Julie T. Spellman Sweet', 'sector': 'Technology', 'country': 'IE', 'fullTimeEmployees': '742000', 'phone': '353 1 646 2000', 'address': '1 Grand Canal Square', 'city': 'Dublin', 'state': None, 'zip': '2', 'dcfDiff': 10.59597, 'dcf': 314.5940311342697, 'image': 'https://financialmodelingprep.com/image-stock/ACN.png', 'ipoDate': '2001-07-19', 'defaultImage': False, 'isEtf': False, 'isActivelyTrading': True, 'isAdr': False, 'isFund': False}]",316.78,1.181,2351921
2023,JPMORGAN CHASE CO,JPM,309926,0,451,2602,55,5.35288E+11,4428,55 - Management of Companies and Enterprises,CHICAGO,IL,60603,2,35,"[{'symbol': 'JPM', 'price': 185.84, 'beta': 1.117, 'volAvg': 8544073, 'mktCap': 535287960800, 'lastDiv': 4.6, 'range': '131.81-200.94', 'changes': -9.59, 'companyName': 'JPMorgan Chase & Co.', 'currency': 'USD', 'cik': '0000019617', 'isin': 'US46625H1005', 'cusip': '46625H100', 'exchange': 'New York Stock Exchange', 'exchangeShortName': 'NYSE', 'industry': 'Banks - Diversified', 'website': 'https://www.jpmorganchase.com', 'description': 'JPMorgan Chase & Co. operates as a financial services company worldwide. It operates through four segments: Consumer & Community Banking (CCB), Corporate & Investment Bank (CIB), Commercial Banking (CB), and Asset & Wealth Management (AWM). The CCB segment offers s deposit, investment and lending products, payments, and services to consumers; lending, deposit, and cash management and payment solutions to small businesses; mortgage origination and servicing activities; residential mortgages and home equity loans; and credit card, auto loan, and leasing services. The CIB segment provides investment banking products and services, including corporate strategy and structure advisory, and equity and debt markets capital-raising services, as well as loan origination and syndication; payments and cross-border financing; and cash and derivative instruments, risk management solutions, prime brokerage, and research. This segment also offers securities services, including custody, fund accounting and administration, and securities lending products for asset managers, insurance companies, and public and private investment funds. The CB segment provides financial solutions, including lending, payments, investment banking, and asset management to small business, large and midsized companies, local governments, and nonprofit clients; and commercial real estate banking services to investors, developers, and owners of multifamily, office, retail, industrial, and affordable housing properties. The AWM segment offers multi-asset investment management solutions in equities, fixed income, alternatives, and money market funds to institutional clients and retail investors; and retirement products and services, brokerage, custody, trusts and estates, loans, mortgages, deposits, and investment management products. The company also provides ATM, online and mobile, and telephone banking services. JPMorgan Chase & Co. was founded in 1799 and is headquartered in New York, New York.', 'ceo': 'Mr. James  Dimon', 'sector': 'Financial Services', 'country': 'US', 'fullTimeEmployees': '309926', 'phone': '212 270 6000', 'address': '383 Madison Avenue', 'city': 'New York', 'state': 'NY', 'zip': '10179', 'dcfDiff': 6.44389, 'dcf': 188.9861080357749, 'image': 'https://financialmodelingprep.com/image-stock/JPM.png', 'ipoDate': '1980-03-17', 'defaultImage': False, 'isEtf': False, 'isActivelyTrading': True, 'isAdr': False, 'isFund': False}]",185.84,1.117,8544073
2023,WAL MART ASSOCIATES INC,WMT,2100000,7417,428,2074,44,4.85744E+11,4409,44-45 - Retail Trade,BENTONVILLE,AR,72716,2,28,"[{'symbol': 'WMT', 'price': 60.32, 'beta': 0.497, 'volAvg': 19545711, 'mktCap': 485744292800, 'lastDiv': 0.83, 'range': '48.336666-61.66', 'changes': 0.23, 'companyName': 'Walmart Inc.', 'currency': 'USD', 'cik': '0000104169', 'isin': 'US9311421039', 'cusip': '931142103', 'exchange': 'New York Stock Exchange', 'exchangeShortName': 'NYSE', 'industry': 'Discount Stores', 'website': 'https://www.stock.walmart.com', 'description': ""Walmart Inc. engages in the operation of retail, wholesale, and other units worldwide. The company operates through three segments: Walmart U.S., Walmart International, and Sam's Club. It operates supercenters, supermarkets, hypermarkets, warehouse clubs, cash and carry stores, and discount stores; membership-only warehouse clubs; ecommerce websites, such as walmart.com, walmart.com.mx, walmart.ca, flipkart.com, and samsclub.com; and mobile commerce applications. The company offers grocery and consumables, which includes dairy, meat, bakery, deli, produce, dry, chilled or frozen packaged foods, alcoholic and nonalcoholic beverages, floral, snack foods, candy, other grocery items, health and beauty aids, paper goods, laundry and home care, baby care, pet supplies, and other consumable items; and health and wellness products covering pharmacy, over-the-counter drugs and other medical products, and optical and hearing services. It also provides gasoline stations and tobacco; home improvement, outdoor living, gardening, furniture, apparel, jewelry, tools and power equipment, housewares, toys, seasonal items, mattresses, and tire and battery centers; and consumer electronics and accessories, software, video games, office supplies, appliances, and third-party gift cards. In addition, the company offers fuel and financial services and related products, including money orders, prepaid cards, money transfers, and check cashing and bill payment, as well as various types of installment lending. It operates approximately 10,500 stores and various e-commerce websites under 46 banners in 24 countries. The company was formerly known as Wal-Mart Stores, Inc. and changed its name to Walmart Inc. in February 2018. The company was founded in 1945 and is based in Bentonville, Arkansas."", 'ceo': 'Mr. C. Douglas McMillon', 'sector': 'Consumer Defensive', 'country': 'US', 'fullTimeEmployees': '2100000', 'phone': '479 273 4000', 'address': '702 South West 8th Street', 'city': 'Bentonville', 'state': 'AR', 'zip': '72716', 'dcfDiff': 18.13107, 'dcf': 41.95893227592215, 'image': 'https://financialmodelingprep.com/image-stock/WMT.png', 'ipoDate': '1972-08-25', 'defaultImage': False, 'isEtf': False, 'isActivelyTrading': True, 'isAdr': False, 'isFund': False}]",60.32,0.497,19545711
2023,TESLA INC,TSLA,140473,55,327,755,31,5.48063E+11,7729,31-33 - Manufacturing,AUSTIN,TX,78725,0,13,"[{'symbol': 'TSLA', 'price': 172.0876, 'beta': 2.415, 'volAvg': 102815070, 'mktCap': 548062867604, 'lastDiv': 0, 'range': '152.37-299.29', 'changes': -2.5124, 'companyName': 'Tesla, Inc.', 'currency': 'USD', 'cik': '0001318605', 'isin': 'US88160R1014', 'cusip': '88160R101', 'exchange': 'NASDAQ Global Select', 'exchangeShortName': 'NASDAQ', 'industry': 'Auto - Manufacturers', 'website': 'https://www.tesla.com', 'description': 'Tesla, Inc. designs, develops, manufactures, leases, and sells electric vehicles, and energy generation and storage systems in the United States, China, and internationally. It operates in two segments, Automotive, and Energy Generation and Storage. The Automotive segment offers electric vehicles, as well as sells automotive regulatory credits; and non-warranty after-sales vehicle, used vehicles, retail merchandise, and vehicle insurance services. This segment also provides sedans and sport utility vehicles through direct and used vehicle sales, a network of Tesla Superchargers, and in-app upgrades; purchase financing and leasing services; services for electric vehicles through its company-owned service locations and Tesla mobile service technicians; and vehicle limited warranties and extended service plans. The Energy Generation and Storage segment engages in the design, manufacture, installation, sale, and leasing of solar energy generation and energy storage products, and related services to residential, commercial, and industrial customers and utilities through its website, stores, and galleries, as well as through a network of channel partners; and provision of service and repairs to its energy product customers, including under warranty, as well as various financing options to its solar customers. The company was formerly known as Tesla Motors, Inc. and changed its name to Tesla, Inc. in February 2017. Tesla, Inc. was incorporated in 2003 and is headquartered in Austin, Texas.', 'ceo': 'Mr. Elon R. Musk', 'sector': 'Consumer Cyclical', 'country': 'US', 'fullTimeEmployees': '140473', 'phone': '512 516 8177', 'address': '1 Tesla Road', 'city': 'Austin', 'state': 'TX', 'zip': '78725', 'dcfDiff': 111.56954, 'dcf': 63.03046068913133, 'image': 'https://financialmodelingprep.com/image-stock/TSLA.png', 'ipoDate': '2010-06-29', 'defaultImage': False, 'isEtf': False, 'isActivelyTrading': True, 'isAdr': False, 'isFund': False}]",172.0876,2.415,102815070
2023,ORACLE AMERICA INC,ORCL,164000,166,324,1790,51,3.33422E+11,5249,51 - Information,AUSTIN,TX,78741,0,4,"[{'symbol': 'ORCL', 'price': 121.31, 'beta': 1.006, 'volAvg': 8945031, 'mktCap': 333421748100, 'lastDiv': 1.6, 'range': '93.29-132.77', 'changes': -1.93, 'companyName': 'Oracle Corporation', 'currency': 'USD', 'cik': '0001341439', 'isin': 'US68389X1054', 'cusip': '68389X105', 'exchange': 'New York Stock Exchange', 'exchangeShortName': 'NYSE', 'industry': 'Software - Infrastructure', 'website': 'https://www.oracle.com', 'description': ""Oracle Corporation offers products and services that address enterprise information technology environments worldwide. Its Oracle cloud software as a service offering include various cloud software applications, including Oracle Fusion cloud enterprise resource planning (ERP), Oracle Fusion cloud enterprise performance management, Oracle Fusion cloud supply chain and manufacturing management, Oracle Fusion cloud human capital management, Oracle Advertising, and NetSuite applications suite, as well as Oracle Fusion Sales, Service, and Marketing. The company also offers cloud-based industry solutions for various industries; Oracle application licenses; and Oracle license support services. In addition, it provides cloud and license business' infrastructure technologies, such as the Oracle Database, an enterprise database; Java, a software development language; and middleware, including development tools and others. The company's cloud and license business' infrastructure technologies also comprise cloud-based compute, storage, and networking capabilities; and Oracle autonomous database, MySQL HeatWave, Internet-of-Things, digital assistant, and blockchain. Further, it provides hardware products and other hardware-related software offerings, including Oracle engineered systems, enterprise servers, storage solutions, industry-specific hardware, virtualization software, operating systems, management software, and related hardware services; and consulting and customer services. The company markets and sells its cloud, license, hardware, support, and services offerings directly to businesses in various industries, government agencies, and educational institutions, as well as through indirect channels. Oracle Corporation was founded in 1977 and is headquartered in Austin, Texas."", 'ceo': 'Ms. Safra Ada Catz', 'sector': 'Technology', 'country': 'US', 'fullTimeEmployees': '164000', 'phone': '737 867 1000', 'address': '2300 Oracle Way', 'city': 'Austin', 'state': 'TX', 'zip': '78741', 'dcfDiff': 31.06237, 'dcf': 92.17762519568602, 'image': 'https://financialmodelingprep.com/image-stock/ORCL.png', 'ipoDate': '1986-03-12', 'defaultImage': False, 'isEtf': False, 'isActivelyTrading': True, 'isAdr': False, 'isFund': False}]",121.31,1.006,8945031
2023,NVIDIA CORPORATION,NVDA,29600,0,291,701,31,2.23033E+12,7549,31-33 - Manufacturing,SANTA CLARA,CA,95051,0,4,"[{'symbol': 'NVDA', 'price': 892.13, 'beta': 1.744, 'volAvg': 52950198, 'mktCap': 2230325000000, 'lastDiv': 0.16, 'range': '262.2-974.0', 'changes': -14.03, 'companyName': 'NVIDIA Corporation', 'currency': 'USD', 'cik': '0001045810', 'isin': 'US67066G1040', 'cusip': '67066G104', 'exchange': 'NASDAQ Global Select', 'exchangeShortName': 'NASDAQ', 'industry': 'Semiconductors', 'website': 'https://www.nvidia.com', 'description': ""NVIDIA Corporation provides graphics, and compute and networking solutions in the United States, Taiwan, China, and internationally. The company's Graphics segment offers GeForce GPUs for gaming and PCs, the GeForce NOW game streaming service and related infrastructure, and solutions for gaming platforms; Quadro/NVIDIA RTX GPUs for enterprise workstation graphics; vGPU software for cloud-based visual and virtual computing; automotive platforms for infotainment systems; and Omniverse software for building 3D designs and virtual worlds. Its Compute & Networking segment provides Data Center platforms and systems for AI, HPC, and accelerated computing; Mellanox networking and interconnect solutions; automotive AI Cockpit, autonomous driving development agreements, and autonomous vehicle solutions; cryptocurrency mining processors; Jetson for robotics and other embedded platforms; and NVIDIA AI Enterprise and other software. The company's products are used in gaming, professional visualization, datacenter, and automotive markets. NVIDIA Corporation sells its products to original equipment manufacturers, original device manufacturers, system builders, add-in board manufacturers, retailers/distributors, independent software vendors, Internet and cloud service providers, automotive manufacturers and tier-1 automotive suppliers, mapping companies, start-ups, and other ecosystem participants. It has a strategic collaboration with Kroger Co. NVIDIA Corporation was incorporated in 1993 and is headquartered in Santa Clara, California."", 'ceo': 'Mr. Jen-Hsun  Huang', 'sector': 'Technology', 'country': 'US', 'fullTimeEmployees': '29600', 'phone': '408 486 2000', 'address': '2788 San Tomas Expressway', 'city': 'Santa Clara', 'state': 'CA', 'zip': '95051', 'dcfDiff': 380.69343, 'dcf': 525.4665679639982, 'image': 'https://financialmodelingprep.com/image-stock/NVDA.png', 'ipoDate': '1999-01-22', 'defaultImage': False, 'isEtf': False, 'isActivelyTrading': True, 'isAdr': False, 'isFund': False}]",892.13,1.744,52950198
2023,QUALCOMM TECHNOLOGIES INC,QCOM,50000,1927,289,928,31,1.92114E+11,7787,31-33 - Manufacturing,SAN DIEGO,CA,92121,8,29,"[{'symbol': 'QCOM', 'price': 172.145, 'beta': 1.339, 'volAvg': 8922177, 'mktCap': 192113820000, 'lastDiv': 3.2, 'range': '101.47-177.59', 'changes': -2.985, 'companyName': 'QUALCOMM Incorporated', 'currency': 'USD', 'cik': '0000804328', 'isin': 'US7475251036', 'cusip': '747525103', 'exchange': 'NASDAQ Global Select', 'exchangeShortName': 'NASDAQ', 'industry': 'Semiconductors', 'website': 'https://www.qualcomm.com', 'description': 'QUALCOMM Incorporated engages in the development and commercialization of foundational technologies for the wireless industry worldwide. The company operates through three segments: Qualcomm CDMA Technologies (QCT); Qualcomm Technology Licensing (QTL); and Qualcomm Strategic Initiatives (QSI). The QCT segment develops and supplies integrated circuits and system software based on 3G/4G/5G and other technologies for use in wireless voice and data communications, networking, application processing, multimedia, and global positioning system products. The QTL segment grants licenses or provides rights to use portions of its intellectual property portfolio, which include various patent rights useful in the manufacture and sale of wireless products comprising products implementing CDMA2000, WCDMA,LTE and/or OFDMA-based 5G standards and their derivatives. The QSI segment invests in early-stage companies in various industries, including 5G, artificial intelligence, automotive, consumer, enterprise, cloud, and IoT, and investment for supporting the design and introduction of new products and services for voice and data communications, new industries, and applications. It also provides development, and other services and related products to the United States government agencies and their contractors. QUALCOMM Incorporated was incorpotared in 1985 and is headquartered in San Diego, California.', 'ceo': 'Mr. Cristiano Renno Amon', 'sector': 'Technology', 'country': 'US', 'fullTimeEmployees': '50000', 'phone': '858 587 1121', 'address': '5775 Morehouse Drive', 'city': 'San Diego', 'state': 'CA', 'zip': '92121-1714', 'dcfDiff': 29.17482, 'dcf': 145.9551834714038, 'image': 'https://financialmodelingprep.com/image-stock/QCOM.png', 'ipoDate': '1991-12-13', 'defaultImage': False, 'isEtf': False, 'isActivelyTrading': True, 'isAdr': False, 'isFund': False}]",172.145,1.339,8922177
2023,SALESFORCE INC,CRM,72682,1151,158,858,54,2.88037E+11,693,"54 - Professional, Scientific, and Technical Services",SAN FRANCISCO,CA,94105,0,5,"[{'symbol': 'CRM', 'price': 296.945, 'beta': 1.279, 'volAvg': 5576567, 'mktCap': 288036650000, 'lastDiv': 1.6, 'range': '190.57-318.71', 'changes': -2.205, 'companyName': 'Salesforce, Inc.', 'currency': 'USD', 'cik': '0001108524', 'isin': 'US79466L3024', 'cusip': '79466L302', 'exchange': 'New York Stock Exchange', 'exchangeShortName': 'NYSE', 'industry': 'Software - Application', 'website': 'https://www.salesforce.com', 'description': ""Salesforce, Inc. provides customer relationship management technology that brings companies and customers together worldwide. Its Customer 360 platform empowers its customers to work together to deliver connected experiences for their customers. The company's service offerings include Sales to store data, monitor leads and progress, forecast opportunities, gain insights through analytics and relationship intelligence, and deliver quotes, contracts, and invoices; and Service that enables companies to deliver trusted and highly personalized customer service and support at scale. Its service offerings also comprise flexible platform that enables companies of various sizes, locations, and industries to build business apps to bring them closer to their customers with drag-and-drop tools; online learning platform that allows anyone to learn in-demand Salesforce skills; and Slack, a system of engagement. In addition, the company's service offerings include Marketing offering that enables companies to plan, personalize, and optimize one-to-one customer marketing journeys; and Commerce offering, which empowers brands to unify the customer experience across mobile, web, social, and store commerce points. Further, its service offerings comprise Tableau, an end-to-end analytics solution serving various enterprise use cases; and MuleSoft, an integration offering that allows its customers to unlock data across their enterprise. The company provides its service offering for customers in financial services, healthcare and life sciences, manufacturing, and other industries. It also offers professional services; and in-person and online courses to certify its customers and partners on architecting, administering, deploying, and developing its service offerings. The company provides its services through direct sales; and consulting firms, systems integrators, and other partners. Salesforce, Inc. was incorporated in 1999 and is headquartered in San Francisco, California."", 'ceo': 'Mr. Marc R. Benioff', 'sector': 'Technology', 'country': 'US', 'fullTimeEmployees': '72682', 'phone': '415 901 7000', 'address': 'Salesforce Tower', 'city': 'San Francisco', 'state': 'CA', 'zip': '94105', 'dcfDiff': 115.51664, 'dcf': 183.6333620981172, 'image': 'https://financialmodelingprep.com/image-stock/CRM.png', 'ipoDate': '2004-06-23', 'defaultImage': False, 'isEtf': False, 'isActivelyTrading': True, 'isAdr': False, 'isFund': False}]",296.945,1.279,5576567
2023,CUMMINS INC,CMI,75500,124,145,515,31,42540431803,7090,31-33 - Manufacturing,NASHVILLE,TN,37214,1,24,"[{'symbol': 'CMI', 'price': 299.8825, 'beta': 1.043, 'volAvg': 3313814, 'mktCap': 42540431803, 'lastDiv': 6.72, 'range': '203.18-304.25', 'changes': -2.9775, 'companyName': 'Cummins Inc.', 'currency': 'USD', 'cik': '0000026172', 'isin': 'US2310211063', 'cusip': '231021106', 'exchange': 'New York Stock Exchange', 'exchangeShortName': 'NYSE', 'industry': 'Industrial - Machinery', 'website': 'https://www.cummins.com', 'description': 'Cummins Inc. designs, manufactures, distributes, and services diesel and natural gas engines, electric and hybrid powertrains, and related components worldwide. It operates through five segments: Engine, Distribution, Components, Power Systems, and New Power. The company offers diesel and natural gas-powered engines under the Cummins and other customer brands for the heavy and medium-duty truck, bus, recreational vehicle, light-duty automotive, construction, mining, marine, rail, oil and gas, defense, and agricultural markets; and offers new parts and services, as well as remanufactured parts and engines. It also provides power generation systems, high-horsepower engines, heavy and medium duty engines, application engineering services, custom-designed assemblies, retail and wholesale aftermarket parts, and in-shop and field-based repair services. In addition, the company offers emission solutions; turbochargers; air and fuel filters, fuel water separators, lube and hydraulic filters, coolants, fuel additives, and other filtration systems; and electronic control modules, sensors, and supporting software, as well as new, replacement, and remanufactured fuel systems. Further, it provides automated transmissions; standby and prime power generators, controls, paralleling systems, and transfer switches, as well as A/C generator/alternator products under the Stamford and AVK brands; and electrified power systems with components and subsystems, including battery, fuel cell, and hydrogen production technologies. Additionally, it offers filtration, aftertreatment, controls systems, air handling systems, automated transmissions, electric power generation systems, and batteries. The company sells its products to original equipment manufacturers, distributors, dealers, and other customers. The company was formerly known as Cummins Engine Company and changed its name to Cummins Inc. in 2001. Cummins Inc. was founded in 1919 and is headquartered in Columbus, Indiana.', 'ceo': 'Ms. Jennifer W. Rumsey', 'sector': 'Industrials', 'country': 'US', 'fullTimeEmployees': '75500', 'phone': '812 377 5000', 'address': '500 Jackson Street', 'city': 'Columbus', 'state': 'IN', 'zip': '47202-3005', 'dcfDiff': -73.56397, 'dcf': 376.4239687988065, 'image': 'https://financialmodelingprep.com/image-stock/CMI.png', 'ipoDate': '1947-10-03', 'defaultImage': False, 'isEtf': False, 'isActivelyTrading': True, 'isAdr': False, 'isFund': False}]",299.8825,1.043,3313814
2023,UBER TECHNOLOGIES INC,UBER,30400,218,139,358,54,1.56651E+11,7441,"54 - Professional, Scientific, and Technical Services",SAN FRANCISCO,CA,94158,1,5,"[{'symbol': 'UBER', 'price': 75.44, 'beta': 1.368, 'volAvg': 18788326, 'mktCap': 156651160000, 'lastDiv': 0, 'range': '29.22-82.14', 'changes': -0.74, 'companyName': 'Uber Technologies, Inc.', 'currency': 'USD', 'cik': '0001543151', 'isin': 'US90353T1007', 'cusip': '90353T100', 'exchange': 'New York Stock Exchange', 'exchangeShortName': 'NYSE', 'industry': 'Software - Application', 'website': 'https://www.uber.com', 'description': ""Uber Technologies, Inc. develops and operates proprietary technology applications in the United States, Canada, Latin America, Europe, the Middle East, Africa, and the Asia Pacific. It connects consumers with independent providers of ride services for ridesharing services; and connects riders and other consumers with restaurants, grocers, and other stores with delivery service providers for meal preparation, grocery, and other delivery services. The company operates through three segments: Mobility, Delivery, and Freight. The Mobility segment provides products that connect consumers with mobility drivers who provide rides in a range of vehicles, such as cars, auto rickshaws, motorbikes, minibuses, or taxis. It also offers financial partnerships, transit, and vehicle solutions offerings. The Delivery segment allows consumers to search for and discover local restaurants, order a meal, and either pick-up at the restaurant or have the meal delivered; and offers grocery, alcohol, and convenience store delivery, as well as select other goods. The Freight segment connects carriers with shippers on the company's platform and enable carriers upfront, transparent pricing, and the ability to book a shipment, as well as transportation management and other logistics services offerings. The company was formerly known as Ubercab, Inc. and changed its name to Uber Technologies, Inc. in February 2011. Uber Technologies, Inc. was founded in 2009 and is headquartered in San Francisco, California."", 'ceo': 'Mr. Dara  Khosrowshahi', 'sector': 'Technology', 'country': 'US', 'fullTimeEmployees': '30400', 'phone': '415 612 8582', 'address': '1515 3rd Street', 'city': 'San Francisco', 'state': 'CA', 'zip': '94158', 'dcfDiff': 0.340142, 'dcf': 30.7001, 'image': 'https://financialmodelingprep.com/image-stock/UBER.png', 'ipoDate': '2019-05-10', 'defaultImage': False, 'isEtf': False, 'isActivelyTrading': True, 'isAdr': False, 'isFund': False}]",75.44,1.368,18788326
2023,PAYPAL INC,PYPL,27200,319,115,557,52,70504415900,487,52 - Finance and Insurance,SAN JOSE,CA,95131,0,7,"[{'symbol': 'PYPL', 'price': 65.785, 'beta': 1.444, 'volAvg': 17500678, 'mktCap': 70504415900, 'lastDiv': 0, 'range': '50.25-77.95', 'changes': -0.015, 'companyName': 'PayPal Holdings, Inc.', 'currency': 'USD', 'cik': '0001633917', 'isin': 'US70450Y1038', 'cusip': '70450Y103', 'exchange': 'NASDAQ Global Select', 'exchangeShortName': 'NASDAQ', 'industry': 'Financial - Credit Services', 'website': 'https://www.paypal.com', 'description': ""PayPal Holdings, Inc. operates a technology platform that enables digital payments on behalf of merchants and consumers worldwide. It provides payment solutions under the PayPal, PayPal Credit, Braintree, Venmo, Xoom, Zettle, Hyperwallet, Honey, and Paidy names. The company's payments platform allows consumers to send and receive payments in approximately 200 markets and in approximately 100 currencies, withdraw funds to their bank accounts in 56 currencies, and hold balances in their PayPal accounts in 25 currencies. PayPal Holdings, Inc. was founded in 1998 and is headquartered in San Jose, California."", 'ceo': 'Mr. James Alexander Chriss', 'sector': 'Financial Services', 'country': 'US', 'fullTimeEmployees': '27200', 'phone': '408 967 1000', 'address': '2211 North First Street', 'city': 'San Jose', 'state': 'CA', 'zip': '95131', 'dcfDiff': -33.54881, 'dcf': 99.34881085552543, 'image': 'https://financialmodelingprep.com/image-stock/PYPL.png', 'ipoDate': '2015-07-06', 'defaultImage': False, 'isEtf': False, 'isActivelyTrading': True, 'isAdr': False, 'isFund': False}]",65.785,1.444,17500678
2023,ADOBE INC,ADBE,29945,0,112,428,54,2.13694E+11,9522,"54 - Professional, Scientific, and Technical Services",SAN JOSE,CA,95110,2,15,"[{'symbol': 'ADBE', 'price': 472.775, 'beta': 1.294, 'volAvg': 3803791, 'mktCap': 213694300000, 'lastDiv': 0, 'range': '331.89-638.25', 'changes': -11.505, 'companyName': 'Adobe Inc.', 'currency': 'USD', 'cik': '0000796343', 'isin': 'US00724F1012', 'cusip': '00724F101', 'exchange': 'NASDAQ Global Select', 'exchangeShortName': 'NASDAQ', 'industry': 'Software - Infrastructure', 'website': 'https://www.adobe.com', 'description': 'Adobe Inc. operates as a diversified software company worldwide. It operates through three segments: Digital Media, Digital Experience, and Publishing and Advertising. The Digital Media segment offers products, services, and solutions that enable individuals, teams, and enterprises to create, publish, and promote content; and Document Cloud, a unified cloud-based document services platform. Its flagship product is Creative Cloud, a subscription service that allows members to access its creative products. This segment serves content creators, workers, marketers, educators, enthusiasts, communicators, and consumers. The Digital Experience segment provides an integrated platform and set of applications and services that enable brands and businesses to create, manage, execute, measure, monetize, and optimize customer experiences from analytics to commerce. This segment serves marketers, advertisers, agencies, publishers, merchandisers, merchants, web analysts, data scientists, developers, and executives across the C-suite. The Publishing and Advertising segment offers products and services, such as e-learning solutions, technical document publishing, web conferencing, document and forms platform, web application development, and high-end printing, as well as Advertising Cloud offerings. The company offers its products and services directly to enterprise customers through its sales force and local field offices, as well as to end users through app stores and through its website at adobe.com. It also distributes products and services through a network of distributors, value-added resellers, systems integrators, software vendors and developers, retailers, and original equipment manufacturers. The company was formerly known as Adobe Systems Incorporated and changed its name to Adobe Inc. in October 2018. Adobe Inc. was founded in 1982 and is headquartered in San Jose, California.', 'ceo': 'Mr. Shantanu  Narayen', 'sector': 'Technology', 'country': 'US', 'fullTimeEmployees': '29945', 'phone': '408 536 6000', 'address': '345 Park Avenue', 'city': 'San Jose', 'state': 'CA', 'zip': '95110-2704', 'dcfDiff': 61.28125, 'dcf': 422.99874704744406, 'image': 'https://financialmodelingprep.com/image-stock/ADBE.png', 'ipoDate': '1986-08-13', 'defaultImage': False, 'isEtf': False, 'isActivelyTrading': True, 'isAdr': False, 'isFund': False}]",472.775,1.294,3803791
2023,MICRON TECHNOLOGY INC,MU,43000,0,105,137,31,1.37823E+11,8004,31-33 - Manufacturing,BOISE,ID,83716,0,1,"[{'symbol': 'MU', 'price': 124.46, 'beta': 1.277, 'volAvg': 21238078, 'mktCap': 137823270200, 'lastDiv': 0.46, 'range': '58.03-130.54', 'changes': -3.05, 'companyName': 'Micron Technology, Inc.', 'currency': 'USD', 'cik': '0000723125', 'isin': 'US5951121038', 'cusip': '595112103', 'exchange': 'NASDAQ Global Select', 'exchangeShortName': 'NASDAQ', 'industry': 'Semiconductors', 'website': 'https://www.micron.com', 'description': 'Micron Technology, Inc. designs, manufactures, and sells memory and storage products worldwide. The company operates through four segments: Compute and Networking Business Unit, Mobile Business Unit, Storage Business Unit, and Embedded Business Unit. It provides memory and storage technologies comprises DRAM products, which are dynamic random access memory semiconductor devices with low latency that provide high-speed data retrieval; NAND products that are non-volatile and re-writeable semiconductor storage devices; and NOR memory products, which are non-volatile re-writable semiconductor memory devices that provide fast read speeds under the Micron and Crucial brands, as well as through private labels. The company offers memory products for the cloud server, enterprise, client, graphics, and networking markets, as well as for smartphone and other mobile-device markets; SSDs and component-level solutions for the enterprise and cloud, client, and consumer storage markets; other discrete storage products in component and wafers; and memory and storage products for the automotive, industrial, and consumer markets. It markets its products through its direct sales force, independent sales representatives, distributors, and retailers; and web-based customer direct sales channel, as well as through channel and distribution partners. Micron Technology, Inc. was founded in 1978 and is headquartered in Boise, Idaho.', 'ceo': 'Mr. Sanjay  Mehrotra', 'sector': 'Technology', 'country': 'US', 'fullTimeEmployees': '43000', 'phone': '208 368 4000', 'address': '8000 South Federal Way', 'city': 'Boise', 'state': 'ID', 'zip': '83716-9632', 'dcfDiff': 133.9951, 'dcf': -6.485098246611422, 'image': 'https://financialmodelingprep.com/image-stock/MU.png', 'ipoDate': '1984-06-01', 'defaultImage': False, 'isEtf': False, 'isActivelyTrading': True, 'isAdr': False, 'isFund': False}]",124.46,1.277,21238078
2023,INTUIT INC,INTU,18200,91,104,439,54,1.74556E+11,4661,"54 - Professional, Scientific, and Technical Services",MOUNTAIN VIEW,CA,94043,0,3,"[{'symbol': 'INTU', 'price': 623.46, 'beta': 1.223, 'volAvg': 1251216, 'mktCap': 174555707340, 'lastDiv': 3.6, 'range': '400.22-671.01', 'changes': -4.25, 'companyName': 'Intuit Inc.', 'currency': 'USD', 'cik': '0000896878', 'isin': 'US4612021034', 'cusip': '461202103', 'exchange': 'NASDAQ Global Select', 'exchangeShortName': 'NASDAQ', 'industry': 'Software - Application', 'website': 'https://www.intuit.com', 'description': 'Intuit Inc. provides financial management and compliance products and services for consumers, small businesses, self-employed, and accounting professionals in the United States, Canada, and internationally. The company operates in four segments: Small Business & Self-Employed, Consumer, Credit Karma, and ProConnect. The Small Business & Self-Employed segment provides QuickBooks online services and desktop software solutions comprising QuickBooks Online Advanced, a cloud-based solution; QuickBooks Enterprise, a hosted solution; QuickBooks Self-Employed solution; QuickBooks Commerce, a solution for product-based businesses; QuickBooks Online Accountant and QuickBooks Accountant Desktop Plus solutions; and payroll solutions, such as online payroll processing, direct deposit of employee paychecks, payroll reports, electronic payment of federal and state payroll taxes, and electronic filing of federal and state payroll tax forms. This segment also offers payment-processing solutions, including credit and debit cards, Apple Pay, and ACH payment services; QuickBooks Cash business bank account; and financial supplies and financing for small businesses. The Consumer segment provides TurboTax income tax preparation products and services; and personal finance. The Credit Karma segment offers consumers with a personal finance platform that provides personalized recommendations of home, auto, and personal loans, as well as credit cards and insurance products. The ProConnect segment provides Lacerte, ProSeries, and ProFile desktop tax-preparation software products; and ProConnect Tax Online tax products, electronic tax filing service, and bank products and related services. It sells products and services through various sales and distribution channels, including multi-channel shop-and-buy experiences, websites and call centers, mobile application stores, and retail and other channels. The company was founded in 1983 and is headquartered in Mountain View, California.', 'ceo': 'Mr. Sasan K. Goodarzi', 'sector': 'Technology', 'country': 'US', 'fullTimeEmployees': '18200', 'phone': '650 944 6000', 'address': '2700 Coast Avenue', 'city': 'Mountain View', 'state': 'CA', 'zip': '94043', 'dcfDiff': 107.46647, 'dcf': 520.2435287505726, 'image': 'https://financialmodelingprep.com/image-stock/INTU.png', 'ipoDate': '1993-03-12', 'defaultImage': False, 'isEtf': False, 'isActivelyTrading': True, 'isAdr': False, 'isFund': False}]",623.46,1.223,1251216
